,,,,,,,,,,,,,,,,,,,,,,,Errors
,"No contact detail available"
"Comment 5","No contact detail available"
,"No contact detail available"
,"No contact detail available"
,"No contact detail available"
,"No contact detail available"
,"No contact detail available"
,"No contact detail available"
,"No contact detail available"
,"No contact detail available"
,"No contact detail available"
,"No contact detail available"
,"No contact detail available"
,"No contact detail available"
,"No contact detail available"
,"No contact detail available"
,"No contact detail available"
,"No contact detail available"
,"No contact detail available"
,"No contact detail available"
,"No contact detail available"
,"No contact detail available"
,"No contact detail available"
,"No contact detail available"
,"No contact detail available"
,"No contact detail available"
,"No contact detail available"
,"No contact detail available"
,"No contact detail available"
,"No contact detail available"
,"No contact detail available"
,"No contact detail available"
,"No contact detail available"
,"No contact detail available"
,"No contact detail available"
,"No contact detail available"
,"No contact detail available"
,"No contact detail available"
,"No contact detail available"
,"No contact detail available"
,"No contact detail available"
,"No contact detail available"
,"No contact detail available"
,"No contact detail available"
,"No contact detail available"
,"No contact detail available"
,"No contact detail available"
,"No contact detail available"
,"No contact detail available"
,"No contact detail available"
,"No contact detail available"
,"No contact detail available"
,"No contact detail available"
,"No contact detail available"
,"No contact detail available"
,"No contact detail available"
,"No contact detail available"
,"No contact detail available"
,"No contact detail available"
,"No contact detail available"
,"No contact detail available"
,"No contact detail available"
,"No contact detail available"
,"No contact detail available"
,"No contact detail available"
,"No contact detail available"
,"No contact detail available"
,"No contact detail available"
,"No contact detail available"
,"No contact detail available"
,"No contact detail available"
,"No contact detail available"
,"No contact detail available"
,"No contact detail available"
,"No contact detail available"
,"No contact detail available"
,"No contact detail available"
,"No contact detail available"
,"No contact detail available"
,"No contact detail available"
,"No contact detail available"
,"No contact detail available"
,"No contact detail available"
,"No contact detail available"
,"No contact detail available"
,"No contact detail available"
,"No contact detail available"
,"No contact detail available"
,"No contact detail available"
,"No contact detail available"
,"No contact detail available"
,"No contact detail available"
,"No contact detail available"
,"No contact detail available"
,"No contact detail available"
,"No contact detail available"
,"No contact detail available"
,"No contact detail available"
,"No contact detail available"
,"No contact detail available"
,"No contact detail available"
,"No contact detail available"
,"No contact detail available"
,"No contact detail available"
,"No contact detail available"
,"No contact detail available"
,"No contact detail available"
,"No contact detail available"
,"No contact detail available"
,"No contact detail available"
,"No contact detail available"
,"No contact detail available"
,"No contact detail available"
,"No contact detail available"
,"No contact detail available"
,"No contact detail available"
,"No contact detail available"
,"No contact detail available"
,"No contact detail available"
,"No contact detail available"
,"No contact detail available"
,"No contact detail available"
,"No contact detail available"
,"No contact detail available"
,"No contact detail available"
,"No contact detail available"
,"No contact detail available"
,"No contact detail available"
,"No contact detail available"
,"No contact detail available"
,"No contact detail available"
,"No contact detail available"
,"No contact detail available"
,"No contact detail available"
,"No contact detail available"
,"No contact detail available"
,"No contact detail available"
,"No contact detail available"
,"No contact detail available"
,"No contact detail available"
,"No contact detail available"
,"No contact detail available"
,"No contact detail available"
,"No contact detail available"
,"No contact detail available"
,"No contact detail available"
,"No contact detail available"
,"No contact detail available"
,"No contact detail available"
,"No contact detail available"
,"No contact detail available"
,"No contact detail available"
,"No contact detail available"
,"No contact detail available"
,"No contact detail available"
,"No contact detail available"
,"No contact detail available"
,"No contact detail available"
,"No contact detail available"
,"No contact detail available"
,"No contact detail available"
,"No contact detail available"
,"No contact detail available"
,"No contact detail available"
,"No contact detail available"
,"No contact detail available"
,"No contact detail available"
,"No contact detail available"
,"No contact detail available"
,"No contact detail available"
,"No contact detail available"
,"No contact detail available"
,"No contact detail available"
,"No contact detail available"
,"No contact detail available"
,"No contact detail available"
,"No contact detail available"
,"No contact detail available"
,"No contact detail available"
,"No contact detail available"
,"No contact detail available"
,"No contact detail available"
,"No contact detail available"
,"No contact detail available"
,"No contact detail available"
,"No contact detail available"
,"No contact detail available"
,"No contact detail available"
,"No contact detail available"
,"No contact detail available"
,"No contact detail available"
,"No contact detail available"
,"No contact detail available"
,"No contact detail available"
